date,nasdaq_composite,baa_minus_10y_spread,high_yield_oas
2023-02-15,12070.59,1.82,4.18
2023-02-16,11855.83,1.84,4.24
2023-02-17,11787.27,1.89,4.38
2023-02-21,11492.3,1.87,4.49
2023-02-22,11507.07,1.85,4.41
2023-02-23,11590.4,1.86,4.3
2023-02-24,11394.94,1.86,4.28
2023-02-27,11466.98,1.87,4.21
2023-02-28,11455.54,1.9,4.22
2023-03-01,11379.48,1.84,4.17
2023-03-02,11462.98,1.82,4.18
2023-03-03,11689.01,1.79,4.05
2023-03-06,11675.74,1.79,3.97
2023-03-07,11530.33,1.79,3.98
2023-03-08,11576.0,1.79,4.09
2023-03-09,11338.35,1.85,4.27
2023-03-10,11138.89,1.96,4.61
2023-03-13,11188.84,2.14,5.03
2023-03-14,11428.15,2.11,4.74
2023-03-15,11434.05,2.22,5.2
2023-03-16,11717.28,2.16,4.93
2023-03-17,11630.51,2.21,5.17
2023-03-20,11675.54,2.19,5.15
2023-03-21,11860.11,2.11,4.85
2023-03-22,11669.96,2.16,5.0
2023-03-23,11787.4,2.26,5.1
2023-03-24,11823.96,2.24,5.22
2023-03-27,11768.84,2.19,5.03
2023-03-28,11716.08,2.19,5.01
2023-03-29,11926.24,2.15,4.83
2023-03-30,12013.47,2.11,4.74
2023-03-31,12221.91,2.11,4.58
2023-04-03,12189.45,2.11,4.58
2023-04-04,12126.33,2.1,4.73
2023-04-05,11996.86,2.14,4.84
2023-04-06,12087.96,2.11,4.84
2023-04-10,12084.36,2.09,4.7
2023-04-11,12031.88,2.05,4.63
2023-04-12,11929.34,2.08,4.62
2023-04-13,12166.27,2.07,4.49
2023-04-14,12123.47,2.05,4.43
2023-04-17,12157.72,2.02,4.41
2023-04-18,12153.41,2.01,4.37
2023-04-19,12157.23,2.01,4.41
2023-04-20,12059.56,2.05,4.54
2023-04-21,12072.46,2.04,4.46
2023-04-24,12037.2,2.04,4.48
2023-04-25,11799.16,2.09,4.64
2023-04-26,11854.35,2.11,4.63
2023-04-27,12142.24,2.07,4.48
2023-04-28,12226.58,2.08,4.5
2023-05-01,12212.6,2.06,4.45
2023-05-02,12080.51,2.16,4.7
2023-05-03,12025.33,2.2,4.79
2023-05-04,11966.4,2.24,4.95
2023-05-05,12235.41,2.2,4.77
2023-05-08,12256.92,2.2,4.72
2023-05-09,12179.55,2.21,4.74
2023-05-10,12306.44,2.26,4.78
2023-05-11,12328.51,2.25,4.81
2023-05-12,12284.74,2.21,4.76
2023-05-15,12365.21,2.27,4.77
2023-05-16,12343.05,2.28,4.79
2023-05-17,12500.57,2.26,4.75
2023-05-18,12688.84,2.2,4.69
2023-05-19,12657.9,2.18,4.62
2023-05-22,12720.78,2.19,4.54
2023-05-23,12560.25,2.19,4.6
2023-05-24,12484.16,2.18,4.68
2023-05-25,12698.09,2.1,4.58
2023-05-26,12975.69,2.1,4.53
2023-05-30,13017.43,2.14,4.58
2023-05-31,12935.29,2.16,4.69
2023-06-01,13100.98,2.15,4.65
2023-06-02,13240.77,2.11,4.37
2023-06-05,13229.43,2.1,4.39
2023-06-06,13276.42,2.08,4.39
2023-06-07,13104.89,2.06,4.33
2023-06-08,13238.52,2.07,4.39
2023-06-09,13259.14,2.05,4.29
2023-06-12,13461.92,2.1,4.34
2023-06-13,13573.32,2.0,4.18
2023-06-14,13626.48,1.94,4.18
2023-06-15,13782.82,2.02,4.21
2023-06-16,13689.57,1.96,4.15
2023-06-20,13667.29,1.95,4.22
2023-06-21,13502.2,1.96,4.32
2023-06-22,13630.61,1.94,4.3
2023-06-23,13492.52,1.96,4.4
2023-06-26,13335.78,1.98,4.45
2023-06-27,13555.67,1.94,4.3
2023-06-28,13591.75,1.96,4.27
2023-06-29,13591.33,1.92,4.14
2023-06-30,13787.92,1.88,4.05
2023-07-03,13816.77,1.85,3.99
2023-07-05,13791.65,1.83,4.01
2023-07-06,13679.04,1.8,4.1
2023-07-07,13660.72,1.81,4.08
2023-07-10,13685.48,1.86,4.13
2023-07-11,13760.7,1.84,4.05
2023-07-12,13918.96,1.88,3.95
2023-07-13,14138.57,1.91,3.97
2023-07-14,14113.7,1.87,3.9
2023-07-17,14244.95,1.9,3.97
2023-07-18,14353.64,1.89,3.9
2023-07-19,14358.02,1.87,3.89
2023-07-20,14063.31,1.85,3.9
2023-07-21,14032.81,1.85,3.89
2023-07-24,14058.87,1.84,3.82
2023-07-25,14144.56,1.81,3.84
2023-07-26,14127.28,1.83,3.91
2023-07-27,14050.11,1.78,3.78
2023-07-28,14316.66,1.8,3.82
2023-07-31,14346.02,1.77,3.79
2023-08-01,14283.91,1.77,3.82
2023-08-02,13973.45,1.82,3.96
2023-08-03,13959.72,1.84,3.98
2023-08-04,13892.07,1.9,4.01
2023-08-07,13977.12,1.9,3.97
2023-08-08,13867.19,1.93,4.0
2023-08-09,13705.08,1.92,3.94
2023-08-10,13721.03,1.89,3.83
2023-08-11,13644.85,1.87,3.83
2023-08-14,13788.33,1.84,3.79
2023-08-15,13631.05,1.86,3.85
2023-08-16,13474.63,1.84,3.81
2023-08-17,13316.93,1.87,3.95
2023-08-18,13290.78,1.89,4.02
2023-08-21,13497.59,1.88,3.97
2023-08-22,13505.87,1.82,3.93
2023-08-23,13721.03,1.83,3.92
2023-08-24,13463.97,1.8,3.91
2023-08-25,13590.65,1.76,3.9
2023-08-28,13705.13,1.82,3.86
2023-08-29,13943.76,1.84,3.87
2023-08-30,14019.31,1.82,3.8
2023-08-31,14034.97,1.83,3.85
2023-09-01,14031.81,1.82,3.81
2023-09-05,14020.95,1.84,3.83
2023-09-06,13872.47,1.79,3.86
2023-09-07,13748.83,1.81,3.9
2023-09-08,13761.53,1.79,3.85
2023-09-11,13917.91,1.8,3.82
2023-09-12,13773.63,1.79,3.84
2023-09-13,13813.59,1.81,3.85
2023-09-14,13926.05,1.8,3.78
2023-09-15,13708.33,1.78,3.79
2023-09-18,13710.24,1.77,3.82
2023-09-19,13678.19,1.75,3.82
2023-09-20,13469.13,1.73,3.77
2023-09-21,13223.98,1.66,3.89
2023-09-22,13211.81,1.73,3.93
2023-09-25,13271.32,1.75,3.97
2023-09-26,13063.61,1.77,4.04
2023-09-27,13092.85,1.77,4.03
2023-09-28,13201.28,1.8,4.09
2023-09-29,13219.32,1.78,4.03
2023-10-02,13307.77,1.78,4.11
2023-10-03,13059.47,1.82,4.26
2023-10-04,13236.01,1.83,4.37
2023-10-05,13219.83,1.85,4.38
2023-10-06,13431.34,1.84,4.33
2023-10-10,13562.84,1.83,4.26
2023-10-11,13659.68,1.82,4.25
2023-10-12,13574.22,1.83,4.25
2023-10-13,13407.23,1.82,4.3
2023-10-16,13567.98,1.83,4.27
2023-10-17,13533.75,1.8,4.25
2023-10-18,13314.3,1.78,4.32
2023-10-19,13186.18,1.82,4.37
2023-10-20,12983.81,1.88,4.52
2023-10-23,13018.33,1.85,4.51
2023-10-24,13139.87,1.84,4.41
2023-10-25,12821.22,1.83,4.37
2023-10-26,12595.61,1.82,4.5
2023-10-27,12643.01,1.88,4.53
2023-10-30,12789.48,1.86,4.5
2023-10-31,12851.24,1.85,4.42
2023-11-01,13061.47,1.91,4.47
2023-11-02,13294.19,1.84,4.15
2023-11-03,13478.28,1.86,4.04
2023-11-06,13518.78,1.84,4.0
2023-11-07,13639.86,1.83,4.08
2023-11-08,13650.41,1.84,4.08
2023-11-09,13521.45,1.83,4.04
2023-11-10,13798.11,1.8,4.03
2023-11-13,13767.74,1.79,4.03
2023-11-14,14094.38,1.83,3.92
2023-11-15,14103.84,1.8,3.89
2023-11-16,14113.67,1.81,4.02
2023-11-17,14125.48,1.78,3.99
2023-11-20,14284.53,1.76,3.92
2023-11-21,14199.98,1.77,3.95
2023-11-22,14265.86,1.71,3.9
2023-11-24,14250.85,1.72,3.85
2023-11-27,14241.02,1.71,3.89
2023-11-28,14281.76,1.75,3.9
2023-11-29,14258.49,1.72,3.8
2023-11-30,14226.22,1.67,3.84
2023-12-01,14305.03,1.71,3.87
2023-12-04,14185.49,1.67,3.8
2023-12-05,14229.91,1.65,3.8
2023-12-06,14146.71,1.63,3.79
2023-12-07,14339.99,1.63,3.77
2023-12-08,14403.97,1.61,3.75
2023-12-11,14432.49,1.61,3.79
2023-12-12,14533.4,1.6,3.76
2023-12-13,14733.96,1.61,3.79
2023-12-14,14761.56,1.57,3.47
2023-12-15,14813.92,1.57,3.51
2023-12-18,14905.19,1.58,3.51
2023-12-19,15003.22,1.57,3.46
2023-12-20,14777.94,1.63,3.43
2023-12-21,14963.87,1.64,3.41
2023-12-22,14992.97,1.65,3.39
2023-12-26,15074.57,1.64,3.37
2023-12-27,15099.18,1.64,3.34
2023-12-28,15095.14,1.62,3.32
2023-12-29,15011.35,1.61,3.34
2024-01-02,14765.94,1.62,3.54
2024-01-03,14592.21,1.66,3.71
2024-01-04,14510.3,1.65,3.69
2024-01-05,14524.07,1.65,3.68
2024-01-08,14843.77,1.65,3.63
2024-01-09,14857.71,1.63,3.59
2024-01-10,14969.65,1.59,3.5
2024-01-11,14970.19,1.63,3.55
2024-01-12,14972.76,1.64,3.56
2024-01-16,14944.35,1.65,3.58
2024-01-17,14855.62,1.63,3.62
2024-01-18,15055.65,1.62,3.58
2024-01-19,15310.97,1.59,3.54
2024-01-22,15360.29,1.59,3.49
2024-01-23,15425.94,1.62,3.51
2024-01-24,15481.92,1.61,3.44
2024-01-25,15510.5,1.6,3.45
2024-01-26,15455.36,1.58,3.39
2024-01-29,15628.04,1.6,3.41
2024-01-30,15509.9,1.58,3.42
2024-01-31,15164.01,1.61,3.59
2024-02-01,15361.64,1.63,3.56
2024-02-02,15628.95,1.59,3.47
2024-02-05,15597.68,1.56,3.5
2024-02-06,15609.0,1.58,3.52
2024-02-07,15756.64,1.6,3.43
2024-02-08,15793.71,1.6,3.38
2024-02-09,15990.66,1.59,3.33
2024-02-12,15942.55,1.58,3.35
2024-02-13,15655.6,1.54,3.36
2024-02-14,15859.15,1.56,3.38
2024-02-15,15906.17,1.57,3.35
2024-02-16,15775.65,1.53,3.34
2024-02-20,15630.78,1.56,3.37
2024-02-21,15580.87,1.54,3.34
2024-02-22,16041.62,1.49,3.22
2024-02-23,15996.82,1.49,3.23
2024-02-26,15976.25,1.53,3.23
2024-02-27,16035.3,1.53,3.26
2024-02-28,15947.74,1.55,3.31
2024-02-29,16091.92,1.55,3.29
2024-03-01,16274.94,1.57,3.32
2024-03-04,16207.51,1.57,3.26
2024-03-05,15939.59,1.59,3.31
2024-03-06,16031.54,1.57,3.27
2024-03-07,16273.38,1.59,3.27
2024-03-08,16085.11,1.59,3.26
2024-03-11,16019.27,1.59,3.26
2024-03-12,16265.64,1.55,3.2
2024-03-13,16177.77,1.55,3.15
2024-03-14,16128.53,1.53,3.15
2024-03-15,15973.17,1.49,3.16
2024-03-18,16103.45,1.49,3.13
2024-03-19,16166.79,1.5,3.1
2024-03-20,16369.41,1.56,3.14
2024-03-21,16401.84,1.53,3.05
2024-03-22,16428.82,1.53,3.08
2024-03-25,16384.47,1.53,3.11
2024-03-26,16315.7,1.53,3.15
2024-03-27,16399.52,1.54,3.15
2024-03-28,16379.46,1.5,3.12
2024-04-01,16396.83,1.49,3.12
2024-04-02,16240.45,1.51,3.23
2024-04-03,16277.46,1.49,3.23
2024-04-04,16049.08,1.51,3.24
2024-04-05,16248.52,1.49,3.18
2024-04-08,16253.96,1.46,3.15
2024-04-09,16306.64,1.44,3.14
2024-04-10,16170.36,1.4,3.1
2024-04-11,16442.2,1.41,3.16
2024-04-12,16175.09,1.45,3.25
2024-04-15,15885.02,1.46,3.28
2024-04-16,15865.25,1.46,3.36
2024-04-17,15683.37,1.48,3.42
2024-04-18,15601.5,1.47,3.39
2024-04-19,15282.01,1.46,3.37
2024-04-22,15451.31,1.46,3.29
2024-04-23,15696.64,1.46,3.2
2024-04-24,15712.75,1.48,3.19
2024-04-25,15611.76,1.47,3.24
2024-04-26,15927.9,1.45,3.16
2024-04-29,15983.08,1.45,3.12
2024-04-30,15657.82,1.44,3.18
2024-05-01,15605.48,1.43,3.21
2024-05-02,15840.96,1.47,3.16
2024-05-03,16156.33,1.49,3.08
2024-05-06,16349.25,1.47,3.03
2024-05-07,16332.56,1.45,3.06
2024-05-08,16302.76,1.47,3.1
2024-05-09,16346.26,1.48,3.14
2024-05-10,16340.87,1.48,3.12
2024-05-13,16388.24,1.48,3.14
2024-05-14,16511.18,1.48,3.14
2024-05-15,16742.39,1.49,3.13
2024-05-16,16698.32,1.47,3.08
2024-05-17,16685.97,1.48,3.09
2024-05-20,16794.87,1.47,3.07
2024-05-21,16832.62,1.48,3.07
2024-05-22,16801.54,1.46,3.11
2024-05-23,16736.03,1.45,3.1
2024-05-24,16920.79,1.46,3.11
2024-05-28,17019.88,1.45,3.09
2024-05-29,16920.58,1.47,3.15
2024-05-30,16737.08,1.46,3.19
2024-05-31,16735.02,1.46,3.2
2024-06-03,16828.67,1.47,3.17
2024-06-04,16857.05,1.49,3.22
2024-06-05,17187.9,1.53,3.2
2024-06-06,17173.12,1.5,3.2
2024-06-07,17133.13,1.46,3.15
2024-06-10,17192.53,1.46,3.15
2024-06-11,17343.55,1.48,3.19
2024-06-12,17608.44,1.48,3.09
2024-06-13,17667.56,1.51,3.2
2024-06-14,17688.88,1.53,3.29
2024-06-17,17857.02,1.52,3.26
2024-06-18,17862.23,1.52,3.24
2024-06-20,17721.59,1.54,3.23
2024-06-21,17689.36,1.55,3.21
2024-06-24,17496.82,1.53,3.19
2024-06-25,17717.65,1.55,3.19
2024-06-26,17805.16,1.55,3.18
2024-06-27,17858.68,1.55,3.21
2024-06-28,17732.6,1.55,3.18
2024-07-01,17879.3,1.55,3.21
2024-07-02,18028.76,1.56,3.23
2024-07-03,18188.3,1.53,3.25
2024-07-05,18352.76,1.56,3.27
2024-07-08,18403.74,1.54,3.2
2024-07-09,18429.29,1.56,3.21
2024-07-10,18647.45,1.56,3.17
2024-07-11,18283.41,1.58,3.18
2024-07-12,18398.45,1.58,3.19
2024-07-15,18472.57,1.58,3.13
2024-07-16,18509.34,1.56,3.08
2024-07-17,17996.92,1.56,3.09
2024-07-18,17871.22,1.57,3.09
2024-07-19,17726.94,1.57,3.09
2024-07-22,18007.57,1.58,3.05
2024-07-23,17997.35,1.59,3.02
2024-07-24,17342.41,1.65,3.1
2024-07-25,17181.72,1.62,3.08
2024-07-26,17357.88,1.65,3.1
2024-07-29,17370.2,1.66,3.13
2024-07-30,17147.42,1.65,3.2
2024-07-31,17599.4,1.68,3.25
2024-08-01,17194.15,1.71,3.35
2024-08-02,16776.16,1.8,3.72
2024-08-05,16200.08,1.85,3.93
2024-08-06,16366.85,1.78,3.67
2024-08-07,16195.81,1.8,3.57
2024-08-08,16660.02,1.78,3.48
2024-08-09,16745.3,1.77,3.49
2024-08-12,16780.61,1.78,3.52
2024-08-13,17187.61,1.8,3.54
2024-08-14,17192.6,1.74,3.46
2024-08-15,17594.5,1.68,3.31
2024-08-16,17631.72,1.69,3.29
2024-08-19,17876.77,1.68,3.21
2024-08-20,17816.94,1.69,3.25
2024-08-21,17918.99,1.69,3.27
2024-08-22,17619.35,1.7,3.21
2024-08-23,17877.79,1.7,3.19
2024-08-26,17725.76,1.7,3.15
2024-08-27,17754.82,1.71,3.17
2024-08-28,17556.03,1.71,3.19
2024-08-29,17516.43,1.69,3.15
2024-08-30,17713.62,1.69,3.13
2024-09-03,17136.3,1.73,3.31
2024-09-04,17084.3,1.73,3.35
2024-09-05,17127.66,1.73,3.29
2024-09-06,16690.83,1.73,3.39
2024-09-09,16884.6,1.73,3.36
2024-09-10,17025.88,1.74,3.46
2024-09-11,17395.53,1.75,3.44
2024-09-12,17569.68,1.74,3.39
2024-09-13,17683.98,1.72,3.37
2024-09-16,17592.13,1.7,3.32
2024-09-17,17628.06,1.68,3.25
2024-09-18,17573.3,1.67,3.21
2024-09-19,18013.98,1.67,3.1
2024-09-20,17948.32,1.67,3.15
2024-09-23,17974.27,1.65,3.15
2024-09-24,18074.52,1.66,3.21
2024-09-25,18082.21,1.65,3.19
2024-09-26,18190.29,1.65,3.14
2024-09-27,18119.59,1.66,3.14
2024-09-30,18189.17,1.63,3.03
2024-10-01,17910.36,1.65,3.07
2024-10-02,17925.12,1.64,3.06
2024-10-03,17918.48,1.62,3.04
2024-10-04,18137.85,1.57,2.89
2024-10-07,17923.9,1.54,2.95
2024-10-08,18182.92,1.55,2.99
2024-10-09,18291.62,1.54,2.94
2024-10-10,18282.05,1.54,2.99
2024-10-11,18342.94,1.54,2.98
2024-10-15,18315.59,1.53,2.93
2024-10-16,18367.08,1.51,2.9
2024-10-17,18373.61,1.53,2.89
2024-10-18,18489.55,1.53,2.88
2024-10-21,18540.0,1.54,2.88
2024-10-22,18573.13,1.55,2.92
2024-10-23,18276.65,1.54,2.95
2024-10-24,18415.49,1.52,2.93
2024-10-25,18518.61,1.51,2.89
2024-10-28,18567.19,1.51,2.82
2024-10-29,18712.75,1.49,2.85
2024-10-30,18607.93,1.44,2.8
2024-10-31,18095.15,1.46,2.88
2024-11-01,18239.92,1.46,2.83
2024-11-04,18179.98,1.46,2.87
2024-11-05,18439.17,1.45,2.86
2024-11-06,18983.47,1.4,2.74
2024-11-07,19269.46,1.44,2.73
2024-11-08,19286.78,1.38,2.63
2024-11-12,19281.4,1.36,2.61
2024-11-13,19230.73,1.41,2.64
2024-11-14,19107.65,1.39,2.6
2024-11-15,18680.12,1.41,2.72
2024-11-18,18791.81,1.42,2.72
2024-11-19,18987.47,1.42,2.69
2024-11-20,18966.14,1.43,2.67
2024-11-21,18972.42,1.43,2.61
2024-11-22,19003.65,1.43,2.61
2024-11-25,19054.84,1.42,2.64
2024-11-26,19175.58,1.43,2.68
2024-11-27,19060.48,1.43,2.69
2024-11-29,19218.17,1.44,2.72
2024-12-02,19403.95,1.41,2.68
2024-12-03,19480.91,1.4,2.66
2024-12-04,19735.12,1.39,2.66
2024-12-05,19700.72,1.4,2.66
2024-12-06,19859.77,1.42,2.67
2024-12-09,19736.69,1.42,2.67
2024-12-10,19687.24,1.41,2.67
2024-12-11,20034.89,1.42,2.64
2024-12-12,19902.84,1.44,2.66
2024-12-13,19926.72,1.42,2.68
2024-12-16,20173.89,1.42,2.69
2024-12-17,20109.06,1.39,2.75
2024-12-18,19392.69,1.37,2.73
2024-12-19,19372.77,1.4,2.91
2024-12-20,19572.6,1.43,2.86
2024-12-23,19764.89,1.42,2.85
2024-12-24,20031.13,1.39,2.86
2024-12-26,20020.36,1.4,2.86
2024-12-27,19722.03,1.4,2.84
2024-12-30,19486.78,1.43,2.94
2024-12-31,19310.79,1.42,2.92
2025-01-02,19280.79,1.45,2.88
2025-01-03,19621.68,1.44,2.81
2025-01-06,19864.98,1.44,2.76
2025-01-07,19489.68,1.47,2.79
2025-01-08,19478.88,1.48,2.84
2025-01-10,19161.63,1.42,2.81
2025-01-13,19088.1,1.44,2.85
2025-01-14,19044.39,1.44,2.8
2025-01-15,19511.23,1.44,2.72
2025-01-16,19338.29,1.46,2.73
2025-01-17,19630.2,1.46,2.64
2025-01-21,19756.78,1.46,2.61
2025-01-22,20009.34,1.43,2.59
2025-01-23,20053.68,1.43,2.61
2025-01-24,19954.3,1.43,2.6
2025-01-27,19341.83,1.45,2.66
2025-01-28,19733.59,1.45,2.66
2025-01-29,19632.32,1.45,2.68
2025-01-30,19681.75,1.45,2.67
2025-01-31,19627.44,1.45,2.68
2025-02-03,19391.96,1.46,2.73
2025-02-04,19654.02,1.46,2.71
2025-02-05,19692.33,1.45,2.69
2025-02-06,19791.99,1.44,2.66
2025-02-07,19523.4,1.45,2.67
2025-02-10,19714.27,1.45,2.66
2025-02-11,19643.86,1.46,2.66
2025-02-12,19649.95,1.45,2.65
2025-02-13,19945.64,1.44,2.65
2025-02-14,20026.77,1.46,2.62
2025-02-18,20041.26,1.44,2.62
2025-02-19,20056.25,1.46,2.68
2025-02-20,19962.36,1.47,2.66
2025-02-21,19524.01,1.49,2.78
2025-02-24,19286.92,1.48,2.78
2025-02-25,19026.39,1.5,2.84
2025-02-26,19075.26,1.51,2.81
2025-02-27,18544.42,1.52,2.81
2025-02-28,18847.28,1.57,2.87
2025-03-03,18350.19,1.61,2.94
2025-03-04,18285.16,1.61,2.99
2025-03-05,18552.73,1.57,2.88
2025-03-06,18069.26,1.59,2.99
2025-03-07,18196.22,1.61,2.97
2025-03-10,17468.32,1.64,3.16
2025-03-11,17436.1,1.68,3.22
2025-03-12,17648.45,1.65,3.2
2025-03-13,17303.01,1.7,3.4
2025-03-14,17754.09,1.65,3.25
2025-03-17,17808.66,1.63,3.18
2025-03-18,17504.12,1.63,3.23
2025-03-19,17750.79,1.64,3.19
2025-03-20,17691.63,1.64,3.17
2025-03-21,17784.05,1.68,3.21
2025-03-24,18188.59,1.64,3.05
2025-03-25,18271.86,1.66,3.09
2025-03-26,17899.01,1.66,3.19
2025-03-27,17804.03,1.68,3.27
2025-03-28,17322.99,1.73,3.47
2025-03-31,17299.29,1.76,3.55
2025-04-01,17449.89,1.73,3.5
2025-04-02,17601.05,1.73,3.42
2025-04-03,16550.61,1.89,4.01
2025-04-04,15587.79,1.94,4.45
2025-04-07,15603.26,2.02,4.61
2025-04-08,15267.91,2.0,4.57
2025-04-09,17124.97,2.02,4.37
2025-04-10,16387.31,1.97,4.42
2025-04-11,16724.46,1.9,4.26
2025-04-14,16831.48,1.9,4.14
2025-04-15,16823.17,1.9,4.09
2025-04-16,16307.16,1.92,4.16
2025-04-17,16286.45,1.92,4.02
2025-04-21,15870.9,1.96,4.16
2025-04-22,16300.42,1.93,3.99
2025-04-23,16708.05,1.86,3.75
2025-04-24,17166.04,1.86,3.73
2025-04-25,17382.94,1.84,3.67
2025-04-28,17366.13,1.87,3.73
2025-04-29,17461.32,1.88,3.74
2025-04-30,17446.34,1.96,3.94
2025-05-01,17710.74,1.95,3.78
2025-05-02,17977.73,1.9,3.6
2025-05-05,17844.24,1.91,3.6
2025-05-06,17689.66,1.95,3.66
2025-05-07,17738.16,1.95,3.67
2025-05-08,17928.14,1.89,3.51
2025-05-09,17928.92,1.89,3.53
2025-05-12,18708.34,1.82,3.15
2025-05-13,19010.08,1.82,3.09
2025-05-14,19146.81,1.8,3.1
2025-05-15,19112.32,1.83,3.2
2025-05-16,19211.1,1.82,3.16
2025-05-19,19215.46,1.84,3.21
2025-05-20,19142.71,1.82,3.2
2025-05-21,18872.64,1.85,3.25
2025-05-22,18925.73,1.87,3.32
2025-05-23,18737.21,1.88,3.4
2025-05-27,19199.16,1.84,3.24
2025-05-28,19100.94,1.83,3.23
2025-05-29,19175.87,1.81,3.22
2025-05-30,19113.77,1.84,3.31
2025-06-02,19242.61,1.84,3.27
2025-06-03,19398.96,1.81,3.19
2025-06-04,19460.49,1.8,3.23
2025-06-05,19298.45,1.77,3.18
2025-06-06,19529.95,1.73,3.09
2025-06-09,19591.24,1.72,3.12
2025-06-10,19714.99,1.71,3.12
2025-06-11,19615.88,1.74,3.12
2025-06-12,19662.48,1.73,3.17
2025-06-13,19406.83,1.75,3.18
2025-06-16,19701.21,1.74,3.1
2025-06-17,19521.09,1.74,3.17
2025-06-18,19546.27,1.77,3.16
2025-06-20,19447.41,1.76,3.13
2025-06-23,19630.97,1.77,3.12
2025-06-24,19912.53,1.78,3.06
2025-06-25,19973.55,1.79,3.04
2025-06-26,20167.91,1.8,3.04
2025-06-27,20273.46,1.79,3.02
2025-06-30,20369.73,1.75,2.96
2025-07-01,20202.89,1.72,2.91
2025-07-02,20393.13,1.7,2.88
2025-07-03,20601.1,1.67,2.8
2025-07-07,20412.52,1.71,2.86
2025-07-08,20418.46,1.71,2.92
2025-07-09,20611.34,1.73,2.94
2025-07-10,20630.66,1.7,2.92
2025-07-11,20585.53,1.72,2.97
2025-07-14,20640.33,1.73,2.95
2025-07-15,20677.8,1.7,2.95
2025-07-16,20730.49,1.73,3.0
2025-07-17,20885.65,1.71,2.91
2025-07-18,20895.66,1.73,2.93
2025-07-21,20974.17,1.73,2.89
2025-07-22,20892.68,1.73,2.9
2025-07-23,21020.02,1.71,2.83
2025-07-24,21057.96,1.68,2.82
2025-07-25,21108.32,1.69,2.84
2025-07-28,21178.58,1.69,2.82
2025-07-29,21098.29,1.7,2.86
2025-07-30,21129.67,1.69,2.89
2025-07-31,21122.45,1.67,2.86
2025-08-01,20650.13,1.75,3.13
2025-08-04,21053.58,1.74,3.02
2025-08-05,20916.55,1.72,2.98
2025-08-06,21169.42,1.75,2.98
2025-08-07,21242.7,1.74,2.95
2025-08-08,21450.02,1.74,2.94
2025-08-11,21385.4,1.72,2.94
2025-08-12,21681.9,1.73,2.93
2025-08-13,21713.14,1.71,2.9
2025-08-14,21710.67,1.71,2.89
2025-08-15,21622.98,1.69,2.88
2025-08-18,21629.77,1.7,2.88
2025-08-19,21314.95,1.71,2.9
2025-08-20,21172.86,1.73,2.94
2025-08-21,21100.31,1.72,2.95
2025-08-22,21496.53,1.73,2.88
2025-08-25,21449.29,1.7,2.8
2025-08-26,21544.27,1.75,2.78
2025-08-27,21590.14,1.77,2.78
2025-08-28,21705.16,1.75,2.75
2025-08-29,21455.55,1.8,2.82
2025-09-02,21279.63,1.81,2.92
2025-09-03,21497.73,1.78,2.88
2025-09-04,21707.69,1.8,2.84
2025-09-05,21700.39,1.78,2.83
2025-09-08,21798.7,1.76,2.84
2025-09-09,21879.49,1.75,2.87
2025-09-10,21886.06,1.75,2.84
2025-09-11,22043.07,1.74,2.78
2025-09-12,22141.1,1.7,2.79
2025-09-15,22348.75,1.68,2.75
2025-09-16,22333.96,1.69,2.79
2025-09-17,22261.33,1.7,2.79
2025-09-18,22470.73,1.68,2.71
2025-09-19,22631.48,1.68,2.72
2025-09-22,22788.98,1.67,2.69
2025-09-23,22573.47,1.69,2.71
2025-09-24,22497.86,1.68,2.7
2025-09-25,22384.7,1.67,2.76
2025-09-26,22484.07,1.65,2.75
2025-09-29,22591.15,1.64,2.74
2025-09-30,22660.01,1.67,2.8
2025-10-01,22755.16,1.69,2.81
2025-10-02,22844.05,1.68,2.81
2025-10-03,22780.51,1.66,2.8
2025-10-06,22941.67,1.65,2.76
2025-10-07,22788.36,1.67,2.82
2025-10-08,23043.38,1.68,2.84
2025-10-09,23024.63,1.69,2.95
2025-10-10,22204.43,1.72,3.18
2025-10-14,22521.7,1.71,3.11
2025-10-15,22670.08,1.68,2.95
2025-10-16,22562.54,1.71,3.04
2025-10-17,22679.97,1.7,3.04
2025-10-20,22990.54,1.68,2.99
2025-10-21,22953.67,1.67,2.97
2025-10-22,22740.4,1.69,3.01
2025-10-23,22941.8,1.66,2.96
2025-10-24,23204.87,1.65,2.88
2025-10-27,23637.46,1.63,2.8
2025-10-28,23827.49,1.65,2.82
2025-10-29,23958.47,1.61,2.76
2025-10-30,23581.14,1.64,2.85
2025-10-31,23724.96,1.69,2.94
2025-11-03,23834.72,1.71,3.04
2025-11-04,23348.64,1.72,3.13
2025-11-05,23499.8,1.7,3.05
2025-11-06,23053.99,1.72,3.13
2025-11-07,23004.54,1.75,3.15
2025-11-10,23527.17,1.73,3.02
2025-11-12,23406.46,1.75,3.02
2025-11-13,22870.36,1.77,3.09
2025-11-14,22900.59,1.77,3.07
2025-11-17,22708.07,1.77,3.13
2025-11-18,22432.85,1.79,3.2
2025-11-19,22564.23,1.79,3.17
2025-11-20,22078.05,1.8,3.17
2025-11-21,22273.08,1.82,3.19
2025-11-24,22872.01,1.8,3.15
2025-11-25,23025.59,1.79,3.1
2025-11-26,23214.69,1.78,3.0
2025-11-28,23365.69,1.78,2.95
2025-12-01,23275.92,1.78,2.94
2025-12-02,23413.67,1.76,2.92
2025-12-03,23454.09,1.77,2.89
2025-12-04,23505.14,1.76,2.88
2025-12-05,23578.13,1.74,2.85
2025-12-08,23545.9,1.73,2.89
2025-12-09,23576.49,1.73,2.89
2025-12-10,23654.16,1.76,2.91
2025-12-11,23593.86,1.73,2.88
2025-12-12,23195.17,1.76,2.91
2025-12-15,23057.41,1.77,2.91
2025-12-16,23111.46,1.78,2.98
2025-12-17,22693.32,1.78,2.99
2025-12-18,23006.36,1.78,2.95
2025-12-19,23307.62,1.76,2.9
2025-12-22,23428.83,1.76,2.88
2025-12-23,23561.84,1.74,2.83
2025-12-24,23613.31,1.73,2.84
2025-12-26,23593.1,1.75,2.86
2025-12-29,23474.35,1.76,2.87
2025-12-30,23419.08,1.75,2.84
2025-12-31,23241.99,1.72,2.81
2026-01-02,23235.63,1.74,2.83
2026-01-05,23395.82,1.75,2.81
2026-01-06,23547.17,1.74,2.79
2026-01-07,23584.27,1.73,2.79
2026-01-08,23480.02,1.73,2.76
2026-01-09,23671.35,1.7,2.74
2026-01-12,23733.9,1.7,2.74
2026-01-13,23709.87,1.69,2.75
2026-01-14,23471.75,1.68,2.76
2026-01-15,23530.02,1.65,2.71
2026-01-16,23515.39,1.63,2.65
2026-01-20,22954.32,1.65,2.73
2026-01-21,23224.82,1.62,2.69
2026-01-22,23436.02,1.59,2.64
2026-01-23,23501.24,1.61,2.68
2026-01-26,23601.36,1.61,2.69
2026-01-27,23817.1,1.61,2.71
2026-01-28,23857.45,1.62,2.72
2026-01-29,23685.12,1.63,2.77
2026-01-30,23461.82,1.62,2.8
2026-02-02,23592.11,1.61,2.81
2026-02-03,23255.19,1.63,2.85
2026-02-04,22904.58,1.64,2.86
2026-02-05,22540.59,1.67,2.97
2026-02-06,23031.21,1.65,2.87
2026-02-09,23238.67,1.64,2.84
2026-02-10,23102.47,1.66,2.86
2026-02-11,23066.47,1.67,2.84
2026-02-12,22597.15,1.68,2.92
