observation_date,customs_duties_billion_usd_saar,imports_goods_services_billion_usd_saar,customs_duties_to_imports_pct,customs_duties_yoy_pct,imports_yoy_pct,duty_intensity_yoy_change_pp
1990-01-01,17.668,626.767,2.8189,,,
1990-04-01,17.812,614.759,2.8974,,,
1990-07-01,17.476,630.102,2.7735,,,
1990-10-01,17.004,647.282,2.627,,,
1991-01-01,16.548,620.317,2.6677,-6.339,-1.029,-0.1512
1991-04-01,16.16,613.921,2.6323,-9.275,-0.136,-0.2651
1991-07-01,16.736,621.669,2.6921,-4.234,-1.338,-0.0814
1991-10-01,17.9,638.27,2.8045,5.269,-1.392,0.1775
1992-01-01,17.7,645.823,2.7407,6.962,4.112,0.073
1992-04-01,17.988,658.951,2.7298,11.312,7.335,0.0975
1992-07-01,18.68,677.853,2.7558,11.616,9.038,0.0637
1992-10-01,18.94,688.536,2.7508,5.81,7.875,-0.0537
1993-01-01,18.68,699.31,2.6712,5.537,8.282,-0.0695
1993-04-01,20.2,716.281,2.8201,12.297,8.7,0.0903
1993-07-01,20.444,719.251,2.8424,9.443,6.107,0.0866
1993-10-01,19.916,745.049,2.6731,5.153,8.208,-0.0777
1994-01-01,20.584,761.827,2.7019,10.193,8.94,0.0307
1994-04-01,21.264,797.56,2.6661,5.267,11.347,-0.154
1994-07-01,22.016,833.751,2.6406,7.689,15.919,-0.2018
1994-10-01,21.904,860.559,2.5453,9.982,15.504,-0.1278
1995-01-01,19.992,886.899,2.2541,-2.876,16.417,-0.4478
1995-04-01,19.976,908.343,2.1992,-6.057,13.89,-0.467
1995-07-01,19.628,905.843,2.1668,-10.847,8.647,-0.4738
1995-10-01,19.68,909.201,2.1645,-10.153,5.652,-0.3808
1996-01-01,20.148,936.735,2.1509,0.78,5.619,-0.1033
1996-04-01,19.364,952.751,2.0324,-3.064,4.889,-0.1667
1996-07-01,19.7,973.757,2.0231,0.367,7.497,-0.1437
1996-10-01,17.672,992.62,1.7803,-10.203,9.175,-0.3842
1997-01-01,18.976,1027.213,1.8473,-5.817,9.659,-0.3035
1997-04-01,20.424,1039.651,1.9645,5.474,9.121,-0.0679
1997-07-01,19.808,1070.888,1.8497,0.548,9.975,-0.1734
1997-10-01,19.26,1085.344,1.7746,8.986,9.341,-0.0058
1998-01-01,19.4,1098.236,1.7665,2.234,6.914,-0.0809
1998-04-01,19.556,1109.626,1.7624,-4.25,6.731,-0.2021
1998-07-01,19.84,1109.897,1.7876,0.162,3.643,-0.0621
1998-10-01,19.548,1145.0,1.7072,1.495,5.497,-0.0673
1999-01-01,18.216,1173.324,1.5525,-6.103,6.837,-0.214
1999-04-01,17.856,1222.126,1.4611,-8.693,10.139,-0.3013
1999-07-01,19.708,1281.712,1.5376,-0.665,15.48,-0.2499
1999-10-01,20.948,1332.679,1.5719,7.162,16.391,-0.1354
2000-01-01,19.952,1409.487,1.4156,9.53,20.128,-0.137
2000-04-01,21.96,1455.86,1.5084,22.984,19.125,0.0473
2000-07-01,21.576,1518.869,1.4205,9.478,18.503,-0.1171
2000-10-01,21.004,1524.52,1.3777,0.267,14.395,-0.1941
2001-01-01,21.864,1499.464,1.4581,9.583,6.384,0.0426
2001-04-01,20.584,1422.028,1.4475,-6.266,-2.324,-0.0609
2001-07-01,19.9,1369.536,1.453,-7.768,-9.832,0.0325
2001-10-01,20.196,1323.208,1.5263,-3.847,-13.205,0.1485
2002-01-01,18.857,1356.041,1.3906,-13.753,-9.565,-0.0675
2002-04-01,19.813,1432.413,1.3832,-3.746,0.73,-0.0643
2002-07-01,20.564,1463.107,1.4055,3.337,6.832,-0.0475
2002-10-01,20.517,1499.335,1.3684,1.589,13.311,-0.1579
2003-01-01,21.661,1529.463,1.4162,14.87,12.789,0.0257
2003-04-01,21.307,1527.336,1.395,7.541,6.627,0.0119
2003-07-01,21.461,1556.304,1.379,4.362,6.37,-0.0265
2003-10-01,21.404,1615.376,1.325,4.323,7.739,-0.0434
2004-01-01,22.432,1699.644,1.3198,3.559,11.127,-0.0964
2004-04-01,23.001,1787.734,1.2866,7.95,17.049,-0.1084
2004-07-01,23.511,1832.856,1.2828,9.552,17.77,-0.0962
2004-10-01,24.188,1921.78,1.2586,13.007,18.968,-0.0664
2005-01-01,25.045,1955.063,1.281,11.649,15.028,-0.0388
2005-04-01,25.355,2002.063,1.2664,10.234,11.989,-0.0202
2005-07-01,25.544,2053.275,1.2441,8.647,12.026,-0.0387
2005-10-01,25.397,2155.529,1.1782,4.998,12.163,-0.0804
2006-01-01,25.928,2204.784,1.176,3.526,12.773,-0.105
2006-04-01,27.157,2253.809,1.2049,7.107,12.574,-0.0615
2006-07-01,27.811,2298.702,1.2099,8.875,11.953,-0.0342
2006-10-01,25.852,2269.198,1.1393,1.792,5.273,-0.039
2007-01-01,28.43,2317.264,1.2269,9.65,5.102,0.0509
2007-04-01,28.229,2368.569,1.1918,3.947,5.092,-0.0131
2007-07-01,28.982,2414.664,1.2002,4.211,5.045,-0.0096
2007-10-01,29.531,2480.413,1.1906,14.231,9.308,0.0513
2008-01-01,29.494,2584.568,1.1412,3.743,11.535,-0.0857
2008-04-01,29.77,2681.686,1.1101,5.459,13.22,-0.0817
2008-07-01,29.272,2709.569,1.0803,1.001,12.213,-0.1199
2008-10-01,28.436,2328.779,1.2211,-3.708,-6.113,0.0305
2009-01-01,24.353,1932.761,1.26,-17.431,-25.219,0.1189
2009-04-01,22.336,1879.461,1.1884,-24.971,-29.915,0.0783
2009-07-01,21.326,2018.722,1.0564,-27.145,-25.497,-0.0239
2009-10-01,24.309,2176.763,1.1167,-14.513,-6.528,-0.1043
2010-01-01,26.217,2269.069,1.1554,7.654,17.4,-0.1046
2010-04-01,27.856,2362.255,1.1792,24.713,25.688,-0.0092
2010-07-01,30.031,2431.195,1.2352,40.819,20.432,0.1788
2010-10-01,30.308,2495.702,1.2144,24.678,14.652,0.0977
2011-01-01,30.695,2608.884,1.1766,17.081,14.976,0.0211
2011-04-01,32.177,2697.224,1.193,15.512,14.18,0.0138
2011-07-01,32.883,2723.903,1.2072,9.497,12.04,-0.028
2011-10-01,31.809,2751.911,1.1559,4.952,10.266,-0.0585
2012-01-01,32.019,2792.253,1.1467,4.313,7.029,-0.0298
2012-04-01,33.98,2780.827,1.2219,5.603,3.1,0.029
2012-07-01,34.134,2750.817,1.2409,3.804,0.988,0.0337
2012-10-01,33.88,2753.373,1.2305,6.511,0.053,0.0746
2013-01-01,35.081,2755.277,1.2732,9.563,-1.324,0.1265
2013-04-01,34.533,2759.783,1.2513,1.627,-0.757,0.0294
2013-07-01,35.187,2767.183,1.2716,3.085,0.595,0.0307
2013-10-01,37.071,2783.259,1.3319,9.419,1.085,0.1014
2014-01-01,36.728,2853.69,1.287,4.695,3.572,0.0138
2014-04-01,36.657,2900.572,1.2638,6.151,5.101,0.0125
2014-07-01,37.344,2888.549,1.2928,6.13,4.386,0.0212
2014-10-01,38.723,2906.969,1.3321,4.456,4.445,0.0001
2015-01-01,37.615,2825.476,1.3313,2.415,-0.989,0.0442
2015-04-01,41.396,2809.968,1.4732,12.928,-3.124,0.2094
2015-07-01,35.231,2798.806,1.2588,-5.658,-3.107,-0.034
2015-10-01,38.251,2745.517,1.3932,-1.219,-5.554,0.0611
2016-01-01,38.859,2693.639,1.4426,3.307,-4.666,0.1113
2016-04-01,37.422,2711.306,1.3802,-9.6,-3.511,-0.093
2016-07-01,37.232,2751.229,1.3533,5.68,-1.7,0.0945
2016-10-01,36.623,2799.145,1.3084,-4.256,1.953,-0.0849
2017-01-01,37.392,2873.148,1.3014,-3.775,6.664,-0.1412
2017-04-01,38.997,2903.18,1.3433,4.209,7.077,-0.037
2017-07-01,38.156,2916.022,1.3085,2.482,5.99,-0.0448
2017-10-01,39.506,3034.004,1.3021,7.872,8.39,-0.0063
2018-01-01,41.337,3093.299,1.3363,10.55,7.662,0.0349
2018-04-01,46.657,3105.995,1.5022,19.643,6.986,0.1589
2018-07-01,53.244,3153.747,1.6883,39.543,8.152,0.3798
2018-10-01,71.898,3171.622,2.2669,81.993,4.536,0.9648
2019-01-01,75.735,3132.539,2.4177,83.214,1.269,1.0813
2019-04-01,70.03,3165.41,2.2124,50.095,1.913,0.7102
2019-07-01,79.886,3117.952,2.5621,50.038,-1.135,0.8739
2019-10-01,85.356,3050.824,2.7978,18.718,-3.809,0.5309
2020-01-01,79.515,2932.536,2.7115,4.991,-6.385,0.2938
2020-04-01,55.361,2356.583,2.3492,-20.947,-25.552,0.1369
2020-07-01,66.4,2804.369,2.3677,-16.882,-10.057,-0.1944
2020-10-01,73.23,3036.076,2.412,-14.206,-0.483,-0.3858
2021-01-01,80.734,3182.082,2.5371,1.533,8.51,-0.1743
2021-04-01,89.81,3348.435,2.6821,62.226,42.089,0.3329
2021-07-01,89.231,3454.82,2.5828,34.384,23.194,0.2151
2021-10-01,96.631,3686.382,2.6213,31.955,21.419,0.2093
2022-01-01,107.37,3914.397,2.743,32.992,23.014,0.2058
2022-04-01,110.217,4089.904,2.6949,22.722,22.144,0.0127
2022-07-01,101.651,3984.675,2.551,13.919,15.337,-0.0317
2022-10-01,90.093,3908.3,2.3052,-6.766,6.02,-0.3161
2023-01-01,84.42,3880.433,2.1755,-21.375,-0.868,-0.5674
2023-04-01,83.508,3813.697,2.1897,-24.233,-6.753,-0.5052
2023-07-01,79.518,3847.616,2.0667,-21.774,-3.44,-0.4844
2023-10-01,79.084,3897.676,2.029,-12.22,-0.272,-0.2762
2024-01-01,82.342,3986.579,2.0655,-2.462,2.735,-0.1101
2024-04-01,78.941,4087.002,1.9315,-5.469,7.166,-0.2582
2024-07-01,85.865,4194.811,2.0469,7.982,9.024,-0.0197
2024-10-01,87.199,4186.921,2.0827,10.261,7.421,0.0536
2025-01-01,96.965,4558.265,2.1272,17.759,14.34,0.0618
2025-04-01,267.681,4167.305,6.4234,239.09,1.965,4.4918
2025-07-01,331.423,4123.437,8.0375,285.981,-1.701,5.9906
2025-10-01,364.324,4133.129,8.8147,317.808,-1.285,6.7321
